PM2.5,PM10,NO,NO2,NOx,NH3,CO,SO2
165.32,144.61,25.53,42.48,79.3,25.09,2.03,11.53
175.95,135.85,28.43,38.51,56.13,22.04,1.1,14.32
172.92,157.59,30.63,44.0,65.54,16.95,1.56,10.95
165.21,120.03,24.62,47.97,75.3,23.49,1.76,9.49
212.86,148.55,25.62,39.95,63.81,22.08,1.09,7.12
173.4,102.81,36.16,41.56,73.24,17.31,1.03,5.06
207.47,140.66,26.96,23.03,75.47,18.17,1.7,19.93
190.83,112.0,33.37,39.23,78.4,21.12,1.89,12.23
153.62,148.08,25.44,45.35,81.23,17.8,1.52,12.22
181.47,133.56,21.19,34.26,68.1,20.43,1.35,9.33
191.36,129.98,22.28,53.98,62.82,15.08,1.43,17.61
184.45,125.5,24.2,47.53,81.61,19.77,1.25,4.69
212.0,139.14,23.57,38.59,38.72,17.57,1.03,7.52
203.9,145.72,26.6,37.59,85.03,19.68,1.45,11.05
181.49,112.97,26.23,43.89,63.03,19.93,1.35,17.86
174.86,132.47,26.19,49.9,90.98,16.06,1.74,11.76
181.14,176.6,23.06,37.77,65.41,20.91,1.44,8.35
163.94,142.97,27.21,34.43,85.35,24.64,1.72,9.02
178.88,149.75,21.73,41.69,65.94,15.5,1.65,12.92
204.49,145.2,25.71,39.41,81.52,17.9,2.0,9.61
173.3,172.13,26.44,40.76,59.55,22.03,1.65,6.61
142.24,138.79,27.24,54.04,68.97,21.11,1.49,12.5
164.96,148.25,24.18,30.66,73.93,21.15,1.75,12.75
173.25,131.7,24.95,46.15,67.14,19.14,1.25,10.51
180.9,123.95,31.87,24.99,46.08,23.19,1.46,10.93
157.82,148.34,21.76,54.04,48.25,23.45,1.27,14.79
155.9,120.32,27.74,24.7,68.86,19.98,1.58,10.88
189.72,143.51,27.14,39.89,54.66,25.4,1.66,14.15
185.36,128.69,27.34,30.37,68.85,23.36,1.77,18.16
186.12,135.78,32.24,31.6,65.27,22.35,1.99,8.14
180.08,164.59,30.61,41.13,51.57,13.67,1.36,15.29
164.11,150.62,28.11,38.16,77.84,19.08,1.58,11.38
168.4,141.83,21.15,38.16,67.55,21.55,1.14,7.72
158.97,145.14,35.85,30.9,71.84,24.71,0.87,6.76
149.41,142.54,21.91,50.37,65.47,23.78,1.7,8.57
193.22,138.94,28.36,33.23,80.64,15.68,1.73,14.17
177.6,125.26,24.87,27.87,57.39,21.19,1.73,11.56
184.35,142.05,18.53,43.4,53.38,25.93,1.34,11.02
151.99,131.75,31.52,52.51,60.72,19.57,1.43,9.79
206.32,139.59,30.3,24.96,40.01,22.61,1.81,15.36
142.24,151.19,25.95,32.6,70.14,19.3,1.63,12.3
173.11,147.62,30.04,34.14,60.54,16.82,1.48,10.93
170.32,140.43,14.14,40.03,84.09,17.15,1.89,10.28
180.71,133.35,35.12,49.23,66.17,8.34,1.51,10.34
178.84,145.9,20.54,30.6,59.27,14.57,1.44,16.33
185.37,149.71,25.46,46.05,78.84,18.31,1.72,10.2
179.71,136.63,20.59,51.82,62.17,25.07,2.21,14.89
156.65,132.01,20.69,58.25,102.82,18.95,1.48,10.72
177.83,131.54,23.08,34.3,49.01,22.89,1.46,10.53
216.95,117.12,24.31,44.96,55.37,12.56,1.59,12.09
182.73,144.03,22.0,41.62,64.92,15.85,1.71,15.02
173.34,152.24,27.92,39.55,76.4,20.51,1.6,12.92
195.81,121.61,31.33,38.05,33.76,22.81,1.42,10.04
171.57,130.43,19.97,35.1,69.06,18.51,0.99,9.15
178.66,174.79,22.46,36.36,85.44,17.61,1.22,13.6
176.49,154.76,30.94,51.55,75.52,20.97,2.2,19.49
202.85,137.84,32.75,45.86,55.62,19.97,1.4,7.31
188.08,121.85,18.8,42.31,55.88,20.63,2.0,12.43
154.3,173.16,16.15,18.02,64.22,16.78,1.32,14.17
176.32,153.87,25.73,31.26,63.66,15.52,1.55,14.46
168.67,143.01,15.77,41.52,61.18,17.88,1.42,6.59
164.81,132.04,30.7,31.32,50.52,19.03,1.56,10.97
179.01,137.62,35.45,49.6,53.07,21.55,1.23,10.57
195.09,165.68,23.21,41.52,60.41,11.93,1.1,17.6
169.61,139.04,30.43,31.66,67.33,14.57,1.54,9.56
167.3,131.39,26.17,42.8,60.06,26.04,1.99,9.06
161.33,149.94,24.36,50.24,71.44,18.06,1.42,11.72
174.59,125.61,23.21,47.8,89.18,18.94,2.01,11.29
178.91,147.84,28.54,24.3,48.96,20.74,1.29,13.84
180.72,139.77,29.94,48.31,71.16,17.07,0.83,9.98
165.32,151.05,30.59,45.77,72.6,15.25,1.81,12.35
176.8,153.77,30.94,53.01,74.17,25.99,1.78,13.44
179.25,154.24,18.7,38.76,80.64,11.92,1.53,11.53
171.83,147.03,26.31,41.48,44.73,22.64,1.31,12.19
161.43,176.05,12.35,34.03,55.92,20.79,1.64,7.0
190.67,124.78,23.48,37.7,80.3,15.25,1.88,9.69
203.25,139.4,22.85,51.28,55.02,15.28,1.99,12.89
189.18,148.76,20.0,29.93,46.45,17.01,1.39,13.67
169.8,122.62,21.24,54.47,70.6,20.84,0.96,12.53
167.25,148.07,21.58,54.54,56.26,16.2,1.86,19.91
194.39,129.47,23.68,43.87,71.61,22.18,1.22,14.46
196.25,163.61,19.86,31.87,61.37,16.1,1.6,9.91
158.67,130.86,28.58,55.9,74.88,24.77,1.35,17.68
196.48,137.4,22.02,42.41,60.25,19.76,0.88,16.96
162.06,137.49,28.36,24.96,62.09,12.65,1.55,12.41
216.69,148.8,22.9,53.2,55.4,20.33,0.91,12.17
172.81,157.54,30.55,48.17,71.03,20.05,1.34,8.36
197.38,135.78,17.08,32.74,66.75,23.04,1.5,12.1
202.99,116.11,15.53,35.69,70.49,27.4,1.18,15.21
194.26,144.65,20.13,32.51,73.78,23.52,1.55,14.56
164.63,141.18,17.15,52.58,82.41,24.78,1.08,15.54
194.33,128.21,30.2,36.86,37.21,23.36,1.41,14.47
165.38,129.77,17.43,40.12,49.54,23.99,1.98,6.98
178.32,135.65,28.19,43.73,68.86,23.17,1.3,7.63
190.19,157.23,23.46,47.08,64.27,18.39,1.94,13.35
181.94,158.57,11.98,48.56,42.1,19.85,1.49,12.34
166.66,130.3,29.48,41.37,60.35,19.47,1.48,10.74
190.29,129.93,16.69,33.45,79.17,24.88,1.68,9.5
193.89,162.36,26.22,30.96,40.09,19.14,1.68,10.16
185.42,159.18,29.24,42.62,73.15,13.83,2.0,11.16
179.46,140.7,24.55,31.89,58.77,18.06,1.68,16.24
160.43,145.9,24.26,32.89,45.34,21.48,1.9,9.82
165.93,143.37,29.85,38.92,64.23,13.61,1.16,10.09
176.11,149.72,27.31,39.29,87.27,20.01,1.39,14.57
189.21,144.83,28.02,32.41,53.06,23.41,1.05,10.36
190.76,138.33,28.08,45.96,49.21,16.49,1.68,12.7
185.2,139.95,26.07,43.18,78.22,20.84,1.36,9.56
181.16,110.37,22.13,42.11,77.02,22.18,0.99,9.25
142.93,155.6,23.67,43.63,64.46,22.55,1.08,10.02
167.08,125.91,25.51,50.18,59.03,11.31,1.33,12.28
186.93,130.64,24.16,34.95,95.14,22.58,1.29,8.04
163.12,132.07,29.43,46.84,71.99,21.43,1.28,8.37
173.51,146.9,34.02,23.6,60.23,16.24,1.85,11.74
171.6,136.34,28.11,41.45,52.21,24.29,1.24,14.55
176.18,148.89,29.44,31.69,60.05,15.27,1.65,7.93
161.69,149.88,29.99,37.49,52.82,18.45,1.36,11.92
202.94,131.29,19.56,53.24,56.16,19.8,1.64,9.21
173.77,130.35,21.75,45.54,62.66,17.69,1.31,13.61
174.43,150.45,29.19,43.65,54.99,20.08,1.32,12.42
179.8,134.18,23.39,41.4,50.82,24.28,1.24,9.76
181.64,140.32,25.99,34.16,60.28,29.55,1.59,12.56
186.06,143.66,25.95,40.46,77.32,17.49,1.08,17.67
179.48,143.65,31.57,35.01,88.67,27.43,1.22,9.95
187.76,157.47,20.38,31.43,42.78,24.67,1.84,12.55
174.96,140.22,20.09,40.58,76.4,22.08,1.38,14.94
167.88,129.22,31.8,32.91,39.96,24.22,1.79,12.33
208.45,160.99,22.58,46.84,51.31,12.02,2.11,8.69
193.49,144.93,25.49,36.1,49.76,16.4,1.46,18.32
197.69,137.79,22.46,35.15,51.28,23.43,1.79,13.79
181.38,143.29,23.7,32.03,65.94,27.25,1.11,7.6
181.46,129.5,23.48,42.25,69.81,21.58,1.68,8.87
206.33,158.42,26.33,50.06,62.33,24.3,2.28,11.07
181.76,148.96,30.63,32.59,50.33,23.39,1.5,14.93
179.06,154.35,19.31,26.88,50.6,25.57,1.44,8.91
182.25,138.5,19.85,34.58,65.34,16.5,1.71,10.45
185.76,135.25,13.52,52.62,62.82,15.84,1.97,15.19
162.86,145.99,22.26,27.72,39.73,16.83,1.44,10.3
203.79,145.47,20.4,38.35,67.79,17.33,1.62,15.5
179.69,121.59,24.85,36.7,88.04,19.5,1.24,10.22
171.35,154.01,23.41,36.69,68.09,20.22,1.44,14.63
168.11,120.76,22.04,34.06,80.35,23.76,0.95,10.84
172.45,142.95,21.89,40.66,66.51,20.03,0.83,11.15
172.72,145.94,29.05,41.16,74.79,20.62,1.49,7.5
182.56,127.95,16.46,53.34,65.22,19.75,1.21,14.26
163.78,140.85,27.19,40.85,65.21,23.68,1.26,9.68
180.15,149.19,21.06,33.57,46.19,20.54,1.48,15.73
184.44,139.01,33.55,48.77,44.81,24.39,1.28,13.55
176.97,137.75,20.47,25.71,53.98,23.5,1.16,13.34
188.82,156.58,18.85,37.72,65.62,14.27,1.72,9.85
175.87,128.66,19.99,49.08,82.15,17.61,1.57,8.56
189.77,149.78,31.96,48.73,62.44,21.53,1.1,9.55
193.86,113.47,27.1,30.43,71.07,11.8,1.35,14.05
206.48,134.76,25.03,37.32,62.62,16.24,1.27,13.22
154.35,136.6,21.85,43.61,69.33,19.26,1.34,11.93
181.96,171.33,28.19,33.93,82.6,20.89,1.75,17.02
153.55,132.66,29.36,47.35,57.93,20.97,1.68,13.18
183.9,103.64,21.24,41.58,70.11,20.1,1.3,11.31
192.74,144.54,26.27,34.8,80.74,17.87,1.38,10.66
191.56,159.92,23.21,42.57,63.18,24.42,1.49,16.0
179.88,147.3,27.96,44.35,72.98,17.55,1.18,13.35
174.23,137.41,24.05,36.89,43.48,15.12,1.05,18.88
181.11,128.97,24.3,39.49,39.41,17.45,1.62,10.24
158.82,130.44,14.39,49.96,53.65,15.84,1.34,10.31
169.27,102.81,23.93,45.0,68.88,26.8,1.6,7.44
206.28,122.87,27.2,25.99,57.66,24.81,1.5,11.57
170.07,147.16,33.08,48.09,55.45,11.75,1.53,15.18
193.08,166.24,18.8,43.27,66.79,18.16,1.37,15.66
164.82,145.92,19.26,43.93,77.11,21.16,0.78,10.24
203.47,119.6,26.66,40.69,60.91,16.14,1.92,10.12
195.74,133.01,14.23,54.64,52.4,19.77,1.62,11.26
172.35,136.68,22.96,31.06,47.28,19.21,1.43,16.25
170.2,134.77,27.73,35.75,50.91,13.67,1.16,15.77
178.92,127.75,20.13,33.05,53.42,18.81,1.82,12.13
200.34,158.1,24.34,43.12,79.76,23.18,1.56,11.57
195.46,134.61,21.61,38.26,84.08,23.96,1.69,6.29
169.5,138.52,33.21,49.65,56.42,16.41,1.26,16.49
187.79,144.8,23.46,35.14,63.52,24.75,1.53,12.35
166.1,140.78,26.85,43.09,64.41,21.23,1.36,9.42
168.49,118.96,28.18,45.45,55.09,22.06,1.18,14.86
185.64,143.04,23.81,42.62,77.74,27.19,1.63,12.99
169.2,139.75,26.42,32.65,68.1,9.48,1.5,12.26
184.66,116.44,28.54,57.75,46.49,18.02,1.4,9.42
187.7,141.99,24.9,47.97,67.13,19.75,1.08,11.41
196.41,136.86,21.62,33.95,48.12,20.08,1.83,8.43
217.05,113.59,32.01,39.21,75.65,17.86,1.35,11.68
149.62,145.2,20.97,55.7,70.22,13.36,1.49,4.43
176.4,167.81,29.25,31.98,57.7,22.92,1.18,8.89
198.69,139.95,27.49,50.63,61.64,20.06,1.28,12.25
163.05,162.07,13.94,40.28,50.79,20.51,1.55,10.8
208.64,142.23,23.88,59.29,63.97,23.75,1.61,15.41
172.05,124.6,23.25,51.71,58.69,18.33,1.79,7.93
158.05,163.48,29.75,49.79,86.69,18.02,1.81,12.09
179.51,158.2,22.25,47.88,63.72,27.78,1.64,19.01
177.14,162.96,25.82,32.32,70.66,25.17,0.84,8.25
158.9,124.76,17.52,29.96,61.88,21.92,1.64,13.09
175.67,141.58,21.62,31.22,68.2,14.67,1.35,19.48
187.38,137.22,30.3,38.5,69.06,16.17,1.25,12.22
208.29,131.54,30.01,46.79,78.27,21.98,1.44,11.51
211.83,146.45,23.15,43.32,82.97,19.0,1.57,6.38
185.12,153.43,14.24,32.84,49.94,15.68,1.02,8.32
169.43,116.08,30.49,36.72,81.35,14.42,1.45,5.1
187.72,131.27,21.71,53.8,68.18,19.72,2.11,17.12
163.4,118.72,27.09,22.98,83.34,18.37,1.09,14.87
161.45,151.41,31.7,53.6,43.69,20.66,1.71,16.33
192.2,123.56,14.32,61.54,72.25,10.01,1.5,12.72
169.38,138.93,28.48,37.63,84.13,18.7,1.51,13.93
181.49,159.94,33.48,34.13,73.18,21.11,1.62,12.42
165.53,139.16,29.63,45.48,63.32,14.45,1.06,12.28
193.73,142.91,34.19,60.97,56.49,29.4,1.5,8.3
173.09,157.83,23.71,36.66,78.25,21.55,0.99,8.89
191.33,119.5,31.41,55.1,62.11,18.76,1.05,14.89
178.05,130.42,27.61,33.34,77.09,11.13,1.16,16.77
191.87,102.81,27.97,46.51,55.51,16.62,0.94,9.01
175.62,163.21,23.04,22.25,69.34,26.62,1.79,17.13
181.05,143.26,28.74,39.73,72.69,21.18,1.54,7.37
172.93,138.52,27.58,52.5,41.26,12.25,0.95,9.49
167.54,146.55,25.1,30.07,54.38,16.64,1.42,13.01
192.19,142.2,34.5,54.97,52.68,18.27,1.12,11.84
172.96,150.12,26.63,37.77,61.04,19.2,1.54,20.47
183.21,146.54,26.81,45.43,63.9,14.06,1.45,10.45
179.82,115.32,25.97,43.15,48.81,12.88,1.57,12.51
167.57,146.8,23.28,36.35,55.22,21.95,2.18,12.38
190.44,165.9,25.43,31.83,70.55,20.39,1.98,15.3
165.34,122.45,19.44,29.32,61.09,8.65,1.41,6.81
200.53,129.42,32.11,46.06,54.96,24.58,1.74,14.24
173.69,146.6,20.36,39.49,56.26,15.64,1.88,13.88
167.59,130.98,21.04,33.3,69.44,22.65,1.52,11.05
166.39,102.81,23.12,33.12,60.05,17.95,1.22,16.77
181.3,130.91,18.18,32.3,79.18,19.01,1.14,7.08
199.17,140.51,22.62,36.61,75.07,16.26,1.63,7.99
176.26,156.29,12.19,31.55,59.62,19.11,1.5,10.55
154.45,149.14,28.01,39.07,103.92,19.12,1.32,13.05
170.66,149.58,22.67,38.07,77.89,22.34,1.3,13.59
176.95,150.17,17.01,43.57,79.06,19.86,1.72,10.57
168.11,123.45,17.23,38.48,66.74,18.8,1.82,11.66
190.66,148.73,24.64,28.27,68.73,11.64,1.13,14.2
176.48,118.28,25.35,38.38,53.43,22.28,1.63,12.32
202.17,144.19,30.43,40.31,51.16,16.61,1.96,12.61
146.83,135.16,35.5,35.77,51.71,16.15,1.7,11.35
169.28,136.69,30.38,34.78,63.83,24.14,1.12,12.1
197.03,137.41,30.0,50.63,45.83,13.02,1.81,7.15
161.23,142.11,28.49,50.64,67.3,12.2,1.64,10.46
192.19,146.33,23.04,33.84,55.02,24.32,1.72,7.87
182.31,136.14,24.36,42.53,49.58,20.51,1.49,11.0
171.4,142.77,26.25,39.11,60.81,14.92,1.54,7.76
182.6,141.8,25.54,37.36,65.63,24.83,1.75,10.11
177.93,139.48,19.69,24.64,71.65,16.88,2.26,14.08
160.2,138.05,38.8,22.09,77.35,17.64,1.73,15.08
191.08,129.04,26.62,56.45,78.46,22.48,1.25,5.74
181.23,147.41,28.97,40.19,64.42,18.65,1.59,7.56
164.07,161.6,18.4,45.64,56.9,17.56,1.59,11.23
178.11,137.92,26.74,42.01,61.14,18.05,1.49,13.52
168.14,179.03,19.64,43.6,70.15,24.03,1.95,10.15
193.04,144.24,25.52,25.46,68.62,22.67,2.01,14.91
158.89,154.33,21.91,36.33,91.21,10.72,1.24,11.86
153.32,157.6,32.56,48.33,38.65,23.82,1.19,8.75
191.28,121.23,25.38,22.36,82.87,12.78,1.94,11.59
174.86,133.2,27.11,35.15,71.18,22.58,1.73,10.67
187.34,162.7,19.54,44.87,87.69,16.09,1.56,8.49
195.88,141.14,31.18,38.6,58.71,19.79,1.27,9.39
185.06,163.42,25.1,35.31,77.43,22.81,1.24,16.11
177.58,150.63,27.51,39.66,67.55,20.44,1.6,7.13
162.74,149.49,27.73,39.0,78.21,16.48,1.1,6.76
184.2,130.23,26.82,34.34,73.31,21.64,1.83,11.45
163.4,149.73,23.79,27.31,73.47,18.93,1.75,11.31
184.62,127.6,30.56,47.2,84.72,19.37,1.5,15.8
170.06,102.81,19.92,39.25,48.34,16.45,1.17,15.5
187.07,148.48,28.4,25.04,69.56,22.07,1.61,8.88
178.08,148.37,23.69,25.44,68.33,20.84,1.34,11.34
185.15,132.04,22.63,47.81,64.97,17.94,1.7,13.19
188.15,131.35,32.9,36.23,52.81,26.9,1.16,13.25
178.37,146.61,26.07,35.61,59.04,23.37,1.45,7.48
169.22,160.88,28.77,55.23,54.99,21.92,1.25,15.28
190.29,148.37,29.83,54.79,68.69,23.06,1.12,11.51
192.79,141.15,18.83,50.73,70.09,18.73,1.29,9.32
172.69,134.18,24.48,38.3,50.93,18.99,1.77,9.35
172.96,154.46,24.87,43.66,74.84,26.71,1.5,12.15
163.99,164.43,25.78,44.07,72.24,22.76,1.38,7.47
174.22,150.23,25.63,40.44,75.02,24.51,1.19,13.35
150.6,137.35,27.02,43.86,70.0,21.35,1.98,12.18
172.6,164.5,38.22,43.84,75.85,23.28,1.66,11.63
203.69,136.79,37.95,29.95,46.26,18.82,1.76,12.14
187.95,136.86,32.67,20.09,60.2,19.1,1.53,12.39
190.69,124.64,28.48,46.21,74.23,18.78,2.25,20.34
175.11,119.79,32.42,34.32,56.48,18.11,1.76,14.49
150.72,143.02,30.5,27.61,79.34,18.38,1.52,12.41
166.74,124.66,23.96,42.68,56.4,15.78,0.88,15.68
173.82,140.48,21.79,41.79,47.92,28.62,1.5,15.6
177.23,144.85,27.46,47.15,82.37,22.96,1.9,16.17
192.54,115.8,31.86,35.92,60.23,23.26,1.29,16.75
192.33,149.68,28.55,42.04,65.93,21.97,1.35,13.02
172.23,149.12,22.32,28.41,44.75,17.66,1.84,11.95
169.85,167.7,34.69,34.32,75.97,20.34,1.19,11.21
211.39,129.68,24.01,34.92,56.37,23.78,1.2,13.3
142.24,131.73,33.98,30.1,71.45,24.12,1.13,11.13
162.25,126.19,25.99,40.78,70.09,20.67,1.31,14.21
182.57,139.5,19.1,30.95,92.84,26.55,1.13,14.92
176.65,132.74,32.05,42.08,66.88,16.88,1.71,10.3
189.68,146.29,24.33,34.15,54.0,24.72,1.38,11.88
178.27,166.92,30.94,43.79,67.35,21.53,1.33,12.9
175.96,118.79,23.42,34.25,47.77,22.0,1.81,12.26
202.56,151.68,23.4,26.95,75.96,18.99,1.69,10.67
155.89,111.66,17.71,42.37,57.71,17.64,1.47,10.92
171.83,147.07,22.48,44.39,67.6,21.23,1.32,11.5
202.85,163.26,24.06,34.48,65.36,23.54,1.54,6.81
151.94,148.05,28.02,35.56,78.09,16.58,1.33,4.54
193.07,142.77,27.36,29.03,57.63,17.74,1.27,13.18
157.45,138.19,28.92,39.7,67.69,21.66,2.12,11.79
172.05,147.62,19.64,45.12,40.78,19.68,1.42,10.97
172.04,154.88,24.19,47.46,38.88,25.81,1.44,12.1
197.14,145.28,28.71,35.16,71.07,21.3,1.41,18.29
177.22,160.73,27.05,56.71,86.56,21.92,1.9,5.38
166.54,155.34,24.91,24.58,60.02,11.08,1.37,15.46
160.65,130.85,21.61,24.73,63.95,14.54,1.29,15.38
209.47,152.58,30.63,38.5,60.55,15.72,1.42,9.67
201.62,129.96,17.88,34.73,68.23,25.56,1.54,11.81
175.18,151.38,20.14,53.63,73.82,18.91,1.56,9.17
187.51,136.63,27.79,44.45,65.09,24.58,1.91,11.08
205.45,164.92,28.42,24.93,58.42,18.32,1.73,11.48
208.23,113.59,30.96,30.71,58.33,20.1,1.39,14.1
195.86,177.9,27.93,37.64,70.7,19.62,1.16,14.57
189.51,132.98,16.58,51.85,44.03,17.42,2.2,11.79
160.08,128.03,24.88,43.36,64.35,23.57,1.57,10.19
189.58,125.4,25.76,36.39,72.86,13.82,1.32,11.55
183.17,133.14,18.17,37.02,88.08,23.03,1.19,15.3
167.62,152.8,27.04,39.58,73.31,24.69,1.39,10.11
188.8,146.85,24.12,38.39,67.35,14.51,1.06,12.28
189.34,148.53,23.36,41.72,79.75,21.52,1.16,13.73
194.63,156.0,28.17,35.48,63.21,20.34,1.25,10.66
158.87,147.7,22.61,45.7,84.69,17.17,1.69,9.54
179.11,150.99,24.46,38.36,63.08,16.7,2.26,14.02
187.1,146.36,25.09,31.93,67.1,18.17,2.16,10.59
201.04,156.76,20.78,45.21,70.9,19.98,1.2,17.83
194.63,148.46,29.74,39.61,62.85,17.79,1.81,8.49
199.16,150.52,24.74,39.75,65.86,19.54,1.54,12.0
186.66,139.44,23.33,41.93,73.15,22.37,1.18,12.25
188.9,163.15,25.25,31.17,69.17,19.4,1.39,7.5
182.99,168.71,22.64,42.03,42.92,10.51,1.42,14.31
172.4,114.61,28.63,32.6,69.22,22.72,1.32,15.42
195.05,145.53,30.54,44.28,84.54,19.01,1.39,15.07
173.69,170.2,28.6,37.31,69.56,16.79,1.84,13.56
183.84,132.06,26.3,42.27,64.05,18.13,1.31,9.56
187.47,140.73,29.15,41.55,59.83,25.14,1.5,14.59
167.69,166.97,26.34,52.15,57.63,18.83,1.43,12.48
180.53,141.23,19.05,26.96,48.82,26.88,1.87,15.52
205.31,147.95,25.1,50.11,53.3,18.16,1.4,9.39
176.31,146.29,23.74,26.15,60.84,26.42,1.63,12.09
195.22,144.4,26.72,50.0,73.35,17.39,1.96,13.56
154.13,176.83,31.59,37.35,80.32,26.52,1.48,10.5
205.04,128.23,22.68,36.71,64.29,21.98,1.81,9.57
171.36,137.38,25.2,38.11,67.14,20.06,1.66,9.59
191.21,154.46,23.15,44.76,90.5,16.48,1.66,15.67
171.0,137.14,15.1,46.56,64.61,28.17,1.5,12.0
183.25,134.56,31.55,40.99,58.6,15.39,1.54,7.29
180.7,165.17,25.0,22.96,60.28,21.65,1.06,14.6
179.17,146.0,18.74,44.64,75.2,22.37,1.7,14.73
169.11,128.98,29.45,55.29,74.4,22.12,0.98,13.32
177.11,129.62,29.76,34.92,64.11,20.18,1.3,14.09
184.15,149.53,21.4,44.78,63.47,11.91,2.18,10.23
184.4,153.16,21.02,33.22,71.27,20.94,1.72,11.2
169.04,113.9,28.9,35.26,71.0,22.73,1.2,15.02
184.67,139.62,37.06,37.93,41.37,27.28,1.57,11.95
162.0,133.58,27.12,44.5,53.41,17.38,1.47,9.3
159.02,134.94,32.45,52.13,63.2,26.54,1.55,11.54
164.44,149.0,17.66,26.76,43.75,18.89,1.42,14.61
177.66,151.13,25.95,38.35,70.77,22.51,1.38,12.04
175.27,116.35,23.75,56.1,70.95,18.36,1.72,12.96
188.65,147.12,24.04,49.78,56.69,15.29,1.34,11.86
184.93,156.1,23.88,31.1,88.44,17.14,1.87,16.17
197.69,152.5,24.31,36.67,58.14,21.39,1.1,12.4
155.59,142.75,27.33,35.33,54.29,17.33,2.27,8.77
193.97,148.86,27.57,37.53,71.89,19.13,1.78,10.7
179.17,123.62,17.78,41.72,92.69,23.06,1.77,9.31
178.39,107.71,29.09,42.59,74.52,15.98,1.46,12.44
183.41,130.21,28.8,36.46,49.49,12.63,0.87,12.41
149.43,130.15,25.0,53.88,84.31,17.43,1.39,10.91
148.14,158.72,25.92,34.9,60.68,16.62,1.18,16.6
180.2,131.97,20.06,43.71,29.85,17.61,1.19,8.41
185.36,138.57,20.32,38.12,53.24,17.96,0.84,10.85
172.29,137.71,26.5,35.17,70.96,21.64,1.71,9.38
199.61,133.31,25.41,36.16,58.61,23.57,1.7,5.09
175.48,132.24,22.68,32.59,54.15,21.25,1.46,9.68
196.37,127.73,26.15,40.88,70.14,23.19,1.05,11.66
200.18,151.3,16.11,37.73,63.44,18.79,1.35,16.35
187.73,155.71,27.14,42.67,52.87,17.48,1.71,12.62
180.39,115.77,23.85,23.79,47.92,19.43,1.61,10.69
163.83,151.58,19.47,23.2,48.53,23.6,1.81,7.8
185.13,172.18,22.54,39.75,79.31,21.68,1.08,15.06
171.35,119.42,24.1,43.59,63.52,8.67,0.85,8.51
207.78,130.81,33.08,33.19,65.0,20.01,1.91,10.8
181.8,136.95,20.66,23.33,94.82,22.63,1.01,13.36
168.39,151.02,29.61,33.09,64.23,25.63,1.31,14.23
173.05,145.74,23.23,46.32,57.47,24.58,1.36,12.06
159.33,118.03,20.67,39.69,60.66,14.77,1.14,10.84
208.15,147.36,24.05,43.36,54.32,19.49,1.92,10.91
189.85,136.29,21.46,28.76,49.68,16.45,1.46,10.21
180.21,158.94,17.48,43.46,65.72,14.01,1.18,11.98
184.86,155.66,18.27,30.03,51.89,19.76,1.38,10.72
183.05,124.02,19.1,39.45,64.87,23.14,1.86,7.57
190.71,135.19,24.51,35.69,77.28,20.81,2.22,12.73
181.66,131.72,29.2,37.96,52.69,15.62,1.2,12.21
156.74,150.64,25.97,43.66,62.33,13.72,1.14,11.68
187.71,165.26,21.77,51.45,58.82,22.93,1.51,13.08
191.51,139.26,27.9,46.51,83.04,25.43,1.78,10.08
182.8,127.85,30.18,29.76,56.86,11.29,1.62,11.71
180.28,135.93,31.18,45.88,48.6,20.34,1.3,11.99
166.17,137.49,33.09,41.15,62.64,14.22,1.53,12.22
189.44,164.21,26.35,29.63,57.34,23.77,1.6,16.1
185.78,149.2,24.83,45.85,52.27,13.89,1.82,15.73
168.61,144.18,31.19,23.3,69.48,19.86,1.59,9.42
170.94,172.36,35.12,41.36,70.85,19.08,1.59,9.32
177.24,162.39,19.42,52.19,70.67,20.96,0.91,6.17
198.02,125.43,26.78,37.69,76.75,22.87,1.29,10.11
185.57,132.68,27.31,37.26,50.89,13.53,0.93,8.09
166.52,146.21,27.53,42.34,63.29,21.58,1.47,16.5
159.26,136.8,25.87,40.75,50.26,25.24,1.51,16.74
151.3,144.34,25.84,47.75,35.15,13.88,1.09,13.08
167.4,153.42,18.46,44.28,66.93,15.22,2.04,10.75
172.69,128.7,27.44,45.72,53.36,18.74,1.04,11.9
212.3,130.06,14.98,31.18,70.34,23.38,2.38,14.45
159.3,156.37,25.0,42.02,63.1,18.79,1.91,8.6
171.9,128.79,22.26,26.75,32.55,23.69,1.1,10.01
164.91,173.79,24.24,53.91,89.6,16.4,1.66,10.82
169.31,158.13,24.08,16.74,57.84,16.02,1.86,12.33
179.19,150.84,33.69,43.54,60.96,15.66,1.3,8.28
195.56,123.45,20.23,24.26,51.83,19.24,1.73,11.01
187.09,116.56,22.93,45.56,67.38,20.37,1.28,12.99
166.21,167.01,24.81,40.67,88.9,13.75,1.67,10.05
182.8,139.3,29.82,40.03,70.71,22.01,1.65,11.54
176.03,142.96,25.38,46.79,78.07,19.73,1.89,5.63
186.03,139.71,25.01,46.67,62.81,24.65,1.62,6.1
181.7,147.44,26.2,35.87,63.64,20.63,1.63,14.5
181.31,172.45,22.82,32.84,57.87,19.96,1.37,9.02
192.85,165.91,21.94,37.89,62.38,18.28,0.99,5.33
200.33,136.27,20.51,46.08,67.11,22.31,1.17,14.9
167.76,150.47,23.66,44.43,60.04,17.91,1.28,6.29
176.61,161.31,31.48,29.42,78.65,19.45,1.91,15.77
180.37,148.15,20.3,49.44,74.39,21.29,2.04,12.21
145.47,148.05,28.7,31.15,47.31,18.8,1.14,15.27
157.82,143.36,26.01,44.44,46.41,13.92,1.18,17.7
192.46,156.09,28.95,46.2,68.83,14.23,1.6,12.91
166.44,141.79,23.4,17.34,41.38,21.7,1.33,3.86
195.44,147.74,18.37,50.96,53.18,12.35,1.85,7.7
176.27,121.86,22.09,35.72,77.78,21.99,1.14,7.36
207.73,134.01,20.96,43.79,50.85,24.42,1.71,14.15
183.82,159.53,27.13,41.26,58.66,22.49,1.53,11.2
202.44,142.72,17.74,44.67,63.05,19.85,1.44,10.79
187.11,143.13,34.51,33.72,75.67,25.7,1.65,8.66
178.28,154.94,24.87,36.12,38.4,20.77,1.29,11.47
180.08,168.22,24.16,29.45,61.64,7.97,1.38,7.79
176.69,144.01,23.36,52.17,67.02,17.72,1.42,12.91
171.13,135.54,16.13,33.21,49.48,18.46,2.38,14.06
214.72,143.91,16.26,37.19,62.8,19.92,1.15,17.02
183.53,136.24,23.76,27.88,60.61,22.77,1.79,9.18
202.54,126.44,31.02,38.44,68.37,22.97,1.99,9.85
189.24,168.27,27.5,44.18,51.77,21.06,1.44,6.05
148.9,137.45,28.33,42.51,49.65,16.1,1.3,14.07
186.19,131.43,17.09,48.24,84.06,21.97,1.35,11.29
158.89,142.7,29.0,37.6,53.63,20.4,1.4,12.6
165.67,140.16,25.11,42.16,64.73,16.06,1.42,12.19
194.31,153.25,21.65,43.09,61.08,21.98,1.4,13.14
210.91,145.61,24.48,36.4,76.2,18.05,1.89,11.0
187.1,129.85,21.94,46.31,60.16,22.02,1.46,13.53
172.84,124.33,18.94,38.01,76.95,20.97,1.31,16.17
198.57,138.68,22.38,51.11,63.2,15.22,1.63,12.54
194.74,151.91,20.18,32.1,58.05,16.96,0.68,10.9
158.63,127.51,20.0,44.38,53.74,20.83,1.57,8.2
187.56,112.46,28.35,36.27,55.06,16.14,1.67,13.66
207.99,140.4,25.11,31.28,92.27,16.66,1.81,12.81
189.39,129.66,21.75,44.42,65.23,28.37,1.13,10.36
197.52,144.49,21.69,44.88,62.57,20.18,1.66,8.41
212.16,157.41,23.95,31.53,85.54,21.89,1.79,15.28
176.7,163.66,28.08,46.87,70.5,21.11,1.83,13.1
184.52,139.32,33.06,30.48,64.09,22.23,1.43,8.3
172.13,138.17,28.34,32.43,56.22,13.24,1.89,15.82
158.46,156.62,15.99,44.98,64.57,17.82,1.37,15.68
181.74,144.96,29.25,46.0,61.22,21.38,1.34,15.66
182.62,120.8,11.48,22.02,58.23,8.58,1.82,14.09
180.19,141.88,16.96,35.89,51.63,21.67,1.35,13.51
170.97,166.94,20.39,38.16,86.13,19.03,1.8,13.57
203.27,116.66,25.97,27.86,75.47,18.33,1.83,12.96
182.94,153.26,27.51,34.12,59.14,23.48,2.07,14.43
172.88,152.75,24.93,55.9,58.02,19.81,1.77,11.74
161.67,149.46,23.06,29.46,65.59,31.02,1.45,9.84
187.22,165.53,27.02,29.65,81.72,22.89,1.4,15.06
176.45,130.62,24.33,48.36,88.22,24.51,1.98,14.02
167.41,156.63,25.9,59.41,81.8,22.11,1.35,17.17
167.67,139.06,29.31,47.61,79.34,14.57,1.31,14.51
183.9,148.69,24.62,27.85,65.42,24.38,1.68,14.87
171.7,177.39,20.49,40.68,59.51,17.85,1.27,12.63
214.06,140.86,32.1,53.62,55.53,17.2,1.4,6.92
191.62,150.91,30.87,30.79,55.25,22.72,1.52,6.74
184.06,157.86,26.15,42.67,67.17,20.27,1.49,11.21
172.16,137.79,22.37,47.14,71.82,22.03,1.21,17.36
186.66,136.6,17.41,35.99,42.32,19.32,1.79,5.77
168.69,140.89,33.06,47.12,55.34,23.72,1.62,12.55
200.31,131.64,21.53,36.0,65.87,24.31,1.03,10.9
185.08,172.48,24.09,41.8,56.31,19.07,1.29,13.49
195.49,155.45,23.71,43.71,87.29,13.31,1.52,13.94
176.71,118.67,22.82,37.34,70.92,15.78,1.47,9.73
184.84,119.99,24.28,35.29,60.93,13.79,1.19,11.17
182.95,119.31,20.48,44.85,53.21,20.02,1.69,10.97
160.81,147.0,25.16,39.69,63.94,20.3,1.42,11.75
171.85,170.92,28.03,37.05,79.76,21.54,1.58,16.18
177.79,148.92,21.14,28.76,69.75,22.78,0.91,8.66
204.43,158.54,22.75,40.73,77.15,20.87,1.13,12.69
186.19,144.22,18.1,49.98,53.17,18.64,1.22,10.36
175.09,131.62,19.73,43.11,50.66,10.29,1.28,10.44
154.96,151.39,30.7,48.66,53.08,18.19,1.13,9.75
203.07,142.87,22.32,47.39,63.36,19.36,1.59,13.74
174.22,153.05,19.64,43.64,66.48,16.89,1.53,13.48
157.27,126.52,22.43,33.4,57.97,23.24,1.83,10.29
170.3,137.2,28.59,47.29,67.71,24.09,1.35,9.35
158.28,123.45,27.16,38.05,87.77,16.49,1.81,13.34
192.44,162.52,24.67,39.25,80.55,23.29,1.45,13.08
202.2,140.97,23.23,41.6,58.36,20.78,1.63,11.52
204.67,139.86,20.03,35.77,80.03,17.0,1.56,14.87
191.35,131.25,17.18,24.39,46.61,16.03,1.37,12.42
176.73,141.88,21.73,37.12,79.88,17.33,1.58,10.08
166.36,138.77,23.77,50.2,60.15,23.38,1.48,11.68
167.73,155.15,25.45,39.07,55.11,25.02,1.38,12.12
191.73,116.24,26.6,42.49,70.02,13.83,1.49,15.31
175.97,153.99,27.61,46.77,73.06,19.06,1.55,10.41
181.6,155.36,27.67,37.0,36.32,21.0,1.04,15.95
185.0,170.84,25.07,41.12,66.89,22.11,1.34,8.99
212.85,129.61,26.39,33.29,65.09,14.42,1.68,10.93
163.06,138.76,24.97,36.67,67.24,21.17,1.28,10.7
183.67,135.79,27.57,26.37,48.53,22.21,1.67,7.24
160.79,102.81,23.04,27.72,67.91,17.04,1.52,11.44
165.16,150.1,24.59,43.11,84.38,20.84,1.45,16.4
184.98,128.45,29.37,35.44,79.62,19.29,1.86,16.01
179.15,126.83,17.39,46.64,61.16,18.88,1.2,13.32
187.57,132.59,26.4,49.85,71.03,27.79,1.08,3.3
171.8,163.13,34.98,32.83,55.73,22.68,1.72,10.45
199.0,137.05,23.52,19.76,90.15,20.91,1.19,12.48
176.49,125.02,29.93,36.06,39.17,19.75,1.85,16.0
185.92,129.83,24.05,49.27,79.85,20.98,1.44,17.64
183.66,128.69,29.77,37.07,75.74,20.89,1.49,11.04
157.28,139.63,29.77,27.48,66.58,22.42,1.61,7.86
168.25,118.54,21.54,43.28,58.4,25.74,1.43,11.29
190.89,144.63,27.18,42.89,77.02,24.74,1.57,14.76
201.8,159.76,24.34,29.06,89.64,16.13,1.37,7.52
161.54,152.61,17.48,45.58,67.49,19.69,2.22,15.53
183.13,170.15,22.84,47.37,60.66,19.78,1.27,11.35
185.66,152.91,34.88,49.75,67.92,18.12,1.08,10.2
194.53,157.93,29.0,54.07,66.57,21.05,1.44,13.71
168.33,141.33,22.21,34.44,71.85,23.13,1.32,9.22
211.13,134.52,20.22,49.58,61.28,18.87,1.34,7.72
155.08,157.95,20.82,44.41,74.73,17.84,1.31,7.71
164.47,145.83,26.88,30.82,63.54,21.44,1.24,9.71
167.87,142.8,29.04,37.6,43.47,18.08,1.36,9.07
157.21,143.58,32.99,40.35,63.76,21.62,1.62,8.7
184.9,128.65,26.33,42.54,58.7,21.92,1.78,12.16
196.55,151.49,16.12,50.23,74.01,19.01,1.71,18.17
192.35,146.67,27.31,38.88,47.01,16.84,1.54,7.68
192.2,129.78,24.58,51.23,75.09,25.81,1.56,17.46
166.87,158.28,25.25,39.02,43.03,21.69,0.9,7.4
175.91,126.69,22.01,51.96,45.66,18.86,1.12,11.44
170.63,139.47,21.21,36.66,91.04,22.74,1.27,12.92
166.38,131.67,24.41,63.59,85.12,18.18,1.54,12.14
180.89,117.12,28.25,35.18,74.13,21.18,1.75,15.7
176.21,110.03,19.37,36.27,75.55,17.61,1.46,13.21
192.86,154.11,30.35,42.36,72.16,24.6,1.54,12.58
170.83,157.23,20.35,48.06,55.63,17.75,1.53,12.99
176.54,134.41,29.89,47.61,76.52,16.53,0.84,13.82
174.12,145.66,19.66,39.58,82.41,10.45,2.02,14.56
189.43,119.16,28.28,42.95,77.98,18.07,1.5,14.59
174.38,158.32,23.53,33.98,69.36,17.4,1.39,7.94
169.47,117.15,16.92,42.98,64.07,25.14,1.52,11.01
185.99,125.02,23.15,43.4,59.34,16.78,1.72,14.72
170.99,117.26,23.17,40.69,71.38,17.06,1.3,8.86
179.44,144.53,25.72,41.78,41.29,21.23,1.51,12.22
169.84,160.76,30.62,46.76,66.34,17.75,1.61,13.4
173.6,165.05,28.4,35.1,67.62,21.89,1.51,10.96
167.14,166.04,25.84,45.01,50.94,13.95,1.88,20.78
197.37,135.13,30.67,54.66,74.39,21.4,1.11,12.92
180.68,123.2,31.98,55.63,79.65,23.02,1.53,15.24
189.16,157.84,26.89,35.54,80.98,21.39,1.34,13.01
179.72,125.47,21.28,41.73,70.06,15.37,1.85,13.2
162.03,139.91,20.65,16.07,63.09,22.62,1.21,16.59
192.33,148.59,29.48,34.74,73.34,21.16,0.87,11.64
183.72,162.93,15.67,53.05,62.41,22.66,1.32,10.29
188.56,139.42,29.6,44.98,53.91,20.18,1.41,9.06
183.36,143.61,31.18,44.58,73.53,20.45,1.54,10.22
192.41,155.74,23.94,32.41,58.27,19.59,1.13,13.08
196.9,143.37,20.85,37.86,67.07,18.97,1.66,18.97
180.28,150.78,22.74,30.38,63.2,22.61,1.51,14.91
162.13,109.37,24.7,37.04,71.88,19.63,1.28,15.59
181.1,157.95,16.37,45.92,63.9,20.14,1.63,14.88
164.88,124.3,18.75,33.15,74.94,26.66,0.91,11.45
201.77,140.61,24.03,35.75,69.9,25.18,1.43,6.92
171.51,149.64,25.22,45.35,34.61,21.68,1.53,12.89
191.27,148.12,27.49,27.62,67.55,19.58,1.98,11.82
142.24,133.44,32.11,40.33,61.85,20.55,1.46,15.64
197.45,124.4,22.29,45.04,58.62,15.63,1.42,7.26
194.57,165.09,12.81,42.87,82.43,28.3,1.71,12.79
183.48,162.55,23.4,38.26,81.15,15.63,1.4,8.25
181.01,110.09,26.95,30.96,68.99,16.41,1.72,11.71
192.99,116.65,20.95,53.48,35.08,24.1,2.01,17.01
154.46,141.0,23.2,46.06,48.13,22.48,1.62,14.64
167.04,142.41,24.12,40.62,58.39,21.96,1.23,10.86
163.13,130.26,18.27,42.3,63.18,24.23,1.27,8.16
197.39,134.42,29.45,44.13,80.49,18.4,2.0,18.44
185.5,135.36,32.26,47.01,57.54,19.6,1.52,8.2
168.65,135.42,30.57,29.05,55.24,19.25,1.27,12.77
171.16,122.8,17.49,47.0,61.43,21.3,1.81,13.81
148.77,166.58,28.09,45.7,71.64,25.71,1.49,15.82
178.28,119.45,22.95,35.79,65.88,11.32,1.75,19.16
173.88,158.01,23.43,33.73,48.54,19.37,1.69,12.87
175.35,125.13,24.73,25.79,78.76,12.2,1.45,17.97
188.93,164.63,27.78,35.6,62.27,15.66,1.12,9.61
187.24,130.23,19.55,44.66,87.77,23.89,1.66,9.24
187.18,110.5,28.65,49.6,48.32,23.81,1.24,7.96
180.96,134.44,22.95,42.94,58.98,17.62,1.51,14.15
208.14,122.19,29.04,32.72,49.91,17.69,1.86,10.91
190.05,142.88,22.73,47.64,43.56,22.34,1.45,15.12
185.42,134.1,24.4,18.91,61.59,23.95,1.91,11.43
188.21,160.64,31.31,44.59,56.65,22.16,1.44,5.54
172.74,136.11,27.8,44.47,50.13,22.86,1.56,15.76
186.2,164.11,18.35,39.24,42.87,22.31,1.79,13.48
191.87,161.66,16.99,47.18,92.26,10.43,1.96,13.77
189.49,153.92,31.61,29.85,59.58,25.88,1.53,13.93
187.83,146.38,25.58,41.53,68.03,21.97,1.74,9.47
174.55,136.94,18.24,33.82,40.07,22.51,1.58,11.62
217.05,171.13,23.88,30.14,60.48,21.46,1.5,14.16
171.35,149.51,27.38,34.66,72.09,20.01,1.75,13.02
172.47,133.3,26.84,39.6,48.73,21.44,1.66,11.86
161.09,171.15,24.45,52.43,43.02,11.86,1.81,9.32
184.97,147.61,27.45,28.98,48.61,17.4,1.58,10.19
170.23,120.58,22.19,35.95,54.48,20.8,1.18,12.11
167.09,126.73,25.03,25.04,49.83,22.09,1.91,8.71
204.98,121.19,20.21,33.23,59.23,25.4,1.86,13.51
200.5,140.42,23.86,35.13,68.95,17.66,1.56,12.13
201.62,137.91,27.5,30.96,51.66,13.03,1.09,13.33
190.35,148.29,20.91,31.16,53.12,17.68,1.61,10.24
168.05,130.92,22.85,32.14,67.19,26.47,1.74,14.95
180.73,140.05,33.31,42.06,68.8,22.75,0.96,8.04
174.73,157.79,29.41,41.64,59.44,20.14,1.15,11.33
190.23,127.3,26.12,39.24,80.11,21.05,1.35,16.87
184.61,144.82,26.54,37.18,68.44,16.14,1.44,12.1
158.55,154.97,33.66,36.39,68.76,20.13,1.32,12.31
182.75,121.34,25.3,37.54,69.37,23.03,1.62,18.61
159.78,145.51,32.67,49.47,54.64,16.62,1.4,7.73
179.6,167.7,27.56,36.06,66.67,17.85,1.19,13.36
189.93,142.26,35.37,38.43,49.41,20.7,1.75,10.2
156.08,178.7,25.76,36.92,79.3,16.16,1.21,11.18
173.01,142.5,26.69,42.72,61.54,16.89,1.25,12.54
193.77,145.73,24.56,46.83,52.38,20.19,1.65,14.39
156.99,121.64,20.9,39.64,71.4,17.64,1.58,9.31
163.34,162.16,19.5,30.77,58.03,19.9,1.84,11.66
191.15,153.7,22.32,30.58,64.63,19.94,1.39,14.53
160.57,137.99,30.97,50.55,71.58,22.81,1.38,6.16
161.28,153.74,19.03,38.79,52.07,28.39,1.66,9.1
164.13,144.29,31.09,63.88,70.39,25.09,1.64,11.69
168.41,160.7,26.3,41.99,71.14,15.49,1.51,16.18
184.86,107.7,26.43,39.36,53.32,18.6,1.27,13.18
176.42,117.73,21.92,24.74,72.03,25.77,1.52,8.37
165.9,142.0,26.63,51.78,71.99,19.77,1.73,13.44
173.98,143.36,28.3,41.76,64.58,15.37,1.65,7.1
183.48,125.17,21.79,37.81,65.56,16.95,1.37,11.82
152.39,119.65,24.76,46.23,58.79,16.77,1.33,16.01
188.41,132.75,25.8,44.9,81.64,14.54,1.61,10.03
168.55,145.88,18.71,29.7,50.39,21.43,1.63,15.84
194.45,149.61,27.54,44.09,66.69,19.76,1.52,16.09
184.71,130.65,31.59,33.4,52.1,12.44,1.49,8.98
188.66,167.39,27.94,40.47,56.96,14.43,1.57,12.38
196.79,160.85,24.9,35.44,89.5,23.33,0.98,13.77
150.19,143.74,28.69,45.21,39.46,18.63,1.46,6.69
191.38,162.15,26.44,48.19,58.58,24.02,1.44,4.79
168.77,143.51,26.31,42.64,77.69,16.35,1.25,16.65
181.71,158.4,27.04,32.38,40.22,25.28,1.83,7.68
185.21,139.68,24.22,54.25,72.11,23.19,1.56,7.23
178.55,130.97,31.06,43.5,55.7,12.34,1.49,13.07
183.21,153.79,20.5,46.22,71.26,20.88,1.56,9.55
